Source,Target,Weight
github-actions[bot],01026551290,4
github-actions[bot],fecommunity,1
github-actions[bot],epaynter,1
github-actions[bot],dandaniel5,1
github-actions[bot],Typhon0130,2
github-actions[bot],ryota-murakami,2
github-actions[bot],ehsanghaffar,1
github-actions[bot],funnelfiasco,1
github-actions[bot],rRakarare,1
github-actions[bot],AryanVBW,1
github-actions[bot],sciensito,1
github-actions[bot],sgb-io,1
github-actions[bot],Code-Divine,1
github-actions[bot],fadhilthomas,1
github-actions[bot],LDami,1
github-actions[bot],l0gicgate,1
github-actions[bot],debug-loop,1
github-actions[bot],camwest,1
github-actions[bot],shadone,1
github-actions[bot],avantalliance,1
github-actions[bot],umang0620,1
github-actions[bot],besh,1
github-actions[bot],vanruch,1
github-actions[bot],briteming,1
github-actions[bot],cruzz77,1
github-actions[bot],thernstig,1
github-actions[bot],yerayvillamarin,1
github-actions[bot],arvinxx,1
github-actions[bot],zhiyanzhaijie,1
github-actions[bot],thekpsgroup,1
github-actions[bot],amoore108,1
github-actions[bot],DanhezCode,1
github-actions[bot],nooraldarraji,1
github-actions[bot],bennajah,1
github-actions[bot],CYriuk,1
github-actions[bot],AlexeyLoktev,1
github-actions[bot],nexxss-dev,2
github-actions[bot],mubarek57,1
github-actions[bot],willardcsoriano,1
icyJoseph,madatbay,1
icyJoseph,md186,1
icyJoseph,Exzort567,1
icyJoseph,that-one-arab,1
icyJoseph,zhiyanzhaijie,1
icyJoseph,mohammed5920,1
ztanner,pauksztello,1
lubieowoce,gaearon,1
lubieowoce,willardcsoriano,1
mischnic,Haaxor1689,1
mischnic,besh,1
mischnic,aulonm,1
mischnic,Caesar-APAX,1
